Method,Count,Mean_Direction_deg,Circular_Std_deg,Period_10pct_s,Period_50pct_s,Period_90pct_s
BM Extremes,27,255.93683844995707,11.637688580337961,12.755598831548198,13.88888888888889,18.31649831649832
POT Extremes,137,260.423912172945,12.584428240413034,12.195121951219512,13.88888888888889,17.98701298701299
All Data,236688,275.4938137953415,34.48214105715216,,,
