Method,Count,Mean_Direction_deg,Circular_Std_deg,Period_10pct_s,Period_50pct_s,Period_90pct_s
BM Extremes,27,255.93683844995707,11.637688580337961,8.936,9.47,10.680000000000001
POT Extremes,137,260.423912172945,12.584428240413034,8.396,9.06,10.012
All Data,236688,275.4938137953415,34.48214105715216,,,
