metric,value,N_pairs
RMSD_Hs (m),0.38840242722675933,15947
RMSD_Tm02 (s),0.8402055665835689,15947
RMSD_Dir_THETAM (deg),21.155752884330084,15947
